{"single_best":{"sem_auc":0.5315367,"noise_auc":0.9845790518518517,"sem_fa_ph":3.466666666666667,"sem_delay_ph":630.2666666666667,"sem_fa_ad":1.4,"sem_delay_ad":1154.5,"sem_fa_ks":4.3,"sem_delay_ks":2575.4,"noise_fa_ph":3.066666666666667,"noise_delay_ph":1.6,"noise_fa_ad":1.4666666666666666,"noise_delay_ad":8.066666666666666,"noise_fa_ks":4.833333333333333,"noise_delay_ks":2696.266666666667},"ens_best":{"sem_auc":0.5728608851851853,"noise_auc":0.9909255592592593,"sem_fa_ph":3.2,"sem_delay_ph":479.6333333333333,"sem_fa_ad":1.6666666666666667,"sem_delay_ad":882.5,"sem_fa_ks":4.233333333333333,"sem_delay_ks":2705.7,"noise_fa_ph":3.7333333333333334,"noise_delay_ph":2.6666666666666665,"noise_fa_ad":2.3333333333333335,"noise_delay_ad":9.133333333333333,"noise_fa_ks":4.4,"noise_delay_ks":2694.366666666667},"ens_all":{"sem_auc":0.5738619296296296,"noise_auc":0.9907638444444445,"sem_fa_ph":3.1333333333333333,"sem_delay_ph":538.6,"sem_fa_ad":1.5333333333333334,"sem_delay_ad":725.7,"sem_fa_ks":4.1,"sem_delay_ks":2743.733333333333,"noise_fa_ph":3.7333333333333334,"noise_delay_ph":2.6,"noise_fa_ad":2.1333333333333333,"noise_delay_ad":10.2,"noise_fa_ks":4.366666666666666,"noise_delay_ks":2775.5}}