{"single_best":{"sem_auc":0.6389501259259258,"noise_auc":0.9981894851851852,"sem_fa_ph":2.6666666666666665,"sem_delay_ph":357.8333333333333,"sem_fa_ad":2.9,"sem_delay_ad":235.26666666666668,"sem_fa_ks":4.366666666666666,"sem_delay_ks":2570.1666666666665,"noise_fa_ph":2.966666666666667,"noise_delay_ph":4.966666666666667,"noise_fa_ad":2.433333333333333,"noise_delay_ad":144.36666666666667,"noise_fa_ks":4.3,"noise_delay_ks":2644.9666666666667},"ens_best":{"sem_auc":0.7073825074074075,"noise_auc":0.9994250148148148,"sem_fa_ph":2.7,"sem_delay_ph":213.9,"sem_fa_ad":2.466666666666667,"sem_delay_ad":221.4,"sem_fa_ks":3.2333333333333334,"sem_delay_ks":2712.0333333333333,"noise_fa_ph":2.8,"noise_delay_ph":137.5,"noise_fa_ad":2.6333333333333333,"noise_delay_ad":11.266666666666667,"noise_fa_ks":3.2333333333333334,"noise_delay_ks":2849.4666666666667},"ens_all":{"sem_auc":0.7076755703703703,"noise_auc":0.9994337074074074,"sem_fa_ph":2.8666666666666667,"sem_delay_ph":214.53333333333333,"sem_fa_ad":2.566666666666667,"sem_delay_ad":234.2,"sem_fa_ks":3.5,"sem_delay_ks":2618.1666666666665,"noise_fa_ph":2.8,"noise_delay_ph":6.533333333333333,"noise_fa_ad":2.6333333333333333,"noise_delay_ad":10.2,"noise_fa_ks":3.433333333333333,"noise_delay_ks":2840.4}}