{"single_best":{"sem_auc":0.6917736407407407,"noise_auc":0.9416198222222223,"sem_fa_ph":3.533333333333333,"sem_delay_ph":277.3666666666667,"sem_fa_ad":3.3333333333333335,"sem_delay_ad":427.03333333333336,"sem_fa_ks":6.233333333333333,"sem_delay_ks":2474.5,"noise_fa_ph":3.6666666666666665,"noise_delay_ph":5.7,"noise_fa_ad":3.6333333333333333,"noise_delay_ad":141.16666666666666,"noise_fa_ks":5.633333333333334,"noise_delay_ks":2381.6666666666665},"ens_best":{"sem_auc":0.8850859777777778,"noise_auc":0.9594475962962963,"sem_fa_ph":4.1,"sem_delay_ph":22.2,"sem_fa_ad":3.6666666666666665,"sem_delay_ad":327.8333333333333,"sem_fa_ks":7.033333333333333,"sem_delay_ks":2641.5,"noise_fa_ph":3.966666666666667,"noise_delay_ph":6.466666666666667,"noise_fa_ad":4.133333333333334,"noise_delay_ad":7.0,"noise_fa_ks":6.0,"noise_delay_ks":2556.5333333333333},"ens_all":{"sem_auc":0.8825872185185184,"noise_auc":0.9596568185185187,"sem_fa_ph":4.1,"sem_delay_ph":22.4,"sem_fa_ad":3.6666666666666665,"sem_delay_ad":327.8333333333333,"sem_fa_ks":6.933333333333334,"sem_delay_ks":2569.866666666667,"noise_fa_ph":4.0,"noise_delay_ph":6.433333333333334,"noise_fa_ad":4.2,"noise_delay_ad":7.0,"noise_fa_ks":6.133333333333334,"noise_delay_ks":2520.4333333333334}}