{"single_best":{"sem_auc":0.9428434925925925,"noise_auc":0.8698113648148146,"sem_fa_ph":3.433333333333333,"sem_delay_ph":8.366666666666667,"sem_fa_ad":2.7,"sem_delay_ad":17.666666666666668,"sem_fa_ks":9.2,"sem_delay_ks":2318.1666666666665,"noise_fa_ph":2.6,"noise_delay_ph":11.8,"noise_fa_ad":2.466666666666667,"noise_delay_ad":547.9333333333333,"noise_fa_ks":8.0,"noise_delay_ks":2326.3333333333335},"ens_best":{"sem_auc":0.9999319777777778,"noise_auc":0.9450572703703704,"sem_fa_ph":5.233333333333333,"sem_delay_ph":2.2666666666666666,"sem_fa_ad":3.8666666666666667,"sem_delay_ad":7.0,"sem_fa_ks":8.166666666666666,"sem_delay_ks":2485.766666666667,"noise_fa_ph":3.966666666666667,"noise_delay_ph":4.233333333333333,"noise_fa_ad":2.8666666666666667,"noise_delay_ad":539.4,"noise_fa_ks":7.466666666666667,"noise_delay_ks":2535.633333333333},"ens_all":{"sem_auc":0.9999852925925926,"noise_auc":0.938327374074074,"sem_fa_ph":4.5,"sem_delay_ph":2.533333333333333,"sem_fa_ad":2.2333333333333334,"sem_delay_ad":7.0,"sem_fa_ks":4.933333333333334,"sem_delay_ks":2290.233333333333,"noise_fa_ph":3.033333333333333,"noise_delay_ph":4.1,"noise_fa_ad":1.9666666666666666,"noise_delay_ad":805.6,"noise_fa_ks":4.633333333333334,"noise_delay_ks":2468.2}}