{"single_best":{"sem_auc":0.6467638981481483,"noise_auc":0.9999094518518521,"sem_fa_ph":2.533333333333333,"sem_delay_ph":6.133333333333334,"sem_fa_ad":1.2333333333333334,"sem_delay_ad":206.23333333333332,"sem_fa_ks":5.133333333333334,"sem_delay_ks":2827.0,"noise_fa_ph":2.8,"noise_delay_ph":1.3666666666666667,"noise_fa_ad":1.6,"noise_delay_ad":7.0,"noise_fa_ks":4.966666666666667,"noise_delay_ks":2451.366666666667},"ens_best":{"sem_auc":0.6071781,"noise_auc":0.9999641740740742,"sem_fa_ph":2.3333333333333335,"sem_delay_ph":5.633333333333334,"sem_fa_ad":0.4,"sem_delay_ad":807.7333333333333,"sem_fa_ks":2.966666666666667,"sem_delay_ks":2693.6,"noise_fa_ph":2.3,"noise_delay_ph":0.6,"noise_fa_ad":0.3333333333333333,"noise_delay_ad":7.0,"noise_fa_ks":3.033333333333333,"noise_delay_ks":2775.5},"ens_all":{"sem_auc":0.6076707925925926,"noise_auc":0.9999593185185185,"sem_fa_ph":2.3333333333333335,"sem_delay_ph":7.866666666666666,"sem_fa_ad":0.36666666666666664,"sem_delay_ad":878.1333333333333,"sem_fa_ks":2.966666666666667,"sem_delay_ks":2717.4666666666667,"noise_fa_ph":2.2,"noise_delay_ph":0.5,"noise_fa_ad":0.4,"noise_delay_ad":7.0,"noise_fa_ks":3.1,"noise_delay_ks":2686.3}}