{"single_best":{"sem_auc":0.6036724833333335,"noise_auc":0.9999989018518518,"sem_fa_ph":2.2333333333333334,"sem_delay_ph":1.7,"sem_fa_ad":0.9333333333333333,"sem_delay_ad":948.5333333333333,"sem_fa_ks":5.066666666666666,"sem_delay_ks":2710.6,"noise_fa_ph":1.7333333333333334,"noise_delay_ph":1.1333333333333333,"noise_fa_ad":1.0666666666666667,"noise_delay_ad":7.0,"noise_fa_ks":4.333333333333333,"noise_delay_ks":1995.8},"ens_best":{"sem_auc":0.5488466037037036,"noise_auc":0.9999995629629629,"sem_fa_ph":1.7666666666666666,"sem_delay_ph":61.56666666666667,"sem_fa_ad":0.3,"sem_delay_ad":3103.733333333333,"sem_fa_ks":1.3666666666666667,"sem_delay_ks":2521.1,"noise_fa_ph":1.1,"noise_delay_ph":1.0,"noise_fa_ad":0.16666666666666666,"noise_delay_ad":7.0,"noise_fa_ks":1.3333333333333333,"noise_delay_ks":2094.0},"ens_all":{"sem_auc":0.5359550666666666,"noise_auc":0.9999988407407407,"sem_fa_ph":1.7333333333333334,"sem_delay_ph":111.6,"sem_fa_ad":0.23333333333333334,"sem_delay_ad":3225.3333333333335,"sem_fa_ks":1.2333333333333334,"sem_delay_ks":2395.633333333333,"noise_fa_ph":1.3333333333333333,"noise_delay_ph":2.1666666666666665,"noise_fa_ad":0.2,"noise_delay_ad":7.0,"noise_fa_ks":1.4333333333333333,"noise_delay_ks":2059.5666666666666}}