{"single_best":{"sem_auc":0.6452217351851851,"noise_auc":0.5319888388888889,"sem_fa_ph":1.2666666666666666,"sem_delay_ph":84.5,"sem_fa_ad":0.13333333333333333,"sem_delay_ad":795.1666666666666,"sem_fa_ks":6.4,"sem_delay_ks":2166.4333333333334,"noise_fa_ph":1.1666666666666667,"noise_delay_ph":495.43333333333334,"noise_fa_ad":0.3,"noise_delay_ad":3572.133333333333,"noise_fa_ks":7.433333333333334,"noise_delay_ks":2450.5666666666666},"ens_best":{"sem_auc":0.6954866592592593,"noise_auc":0.5725841074074073,"sem_fa_ph":1.9333333333333333,"sem_delay_ph":65.03333333333333,"sem_fa_ad":0.6333333333333333,"sem_delay_ad":1139.0,"sem_fa_ks":9.233333333333333,"sem_delay_ks":2616.766666666667,"noise_fa_ph":1.9,"noise_delay_ph":200.06666666666666,"noise_fa_ad":0.8666666666666667,"noise_delay_ad":1627.0666666666666,"noise_fa_ks":10.333333333333334,"noise_delay_ks":2679.9},"ens_all":{"sem_auc":0.6925589259259259,"noise_auc":0.5746998111111111,"sem_fa_ph":1.8666666666666667,"sem_delay_ph":65.76666666666667,"sem_fa_ad":0.6666666666666666,"sem_delay_ad":881.3333333333334,"sem_fa_ks":9.566666666666666,"sem_delay_ks":2562.233333333333,"noise_fa_ph":1.8,"noise_delay_ph":228.73333333333332,"noise_fa_ad":0.8333333333333334,"noise_delay_ad":2306.2,"noise_fa_ks":10.533333333333333,"noise_delay_ks":2717.866666666667}}