{"single_best":{"sem_auc":0.5870806111111111,"noise_auc":0.6613219259259259,"sem_fa_ph":4.4,"sem_delay_ph":134.0,"sem_fa_ad":3.3666666666666667,"sem_delay_ad":731.0333333333333,"sem_fa_ks":10.066666666666666,"sem_delay_ks":2753.3,"noise_fa_ph":4.5,"noise_delay_ph":78.06666666666666,"noise_fa_ad":3.2666666666666666,"noise_delay_ad":698.3333333333334,"noise_fa_ks":10.766666666666667,"noise_delay_ks":2763.733333333333},"ens_best":{"sem_auc":0.6019984481481483,"noise_auc":0.6769322888888888,"sem_fa_ph":4.366666666666666,"sem_delay_ph":162.33333333333334,"sem_fa_ad":3.7333333333333334,"sem_delay_ad":498.5,"sem_fa_ks":9.566666666666666,"sem_delay_ks":2733.5,"noise_fa_ph":4.433333333333334,"noise_delay_ph":62.666666666666664,"noise_fa_ad":3.7666666666666666,"noise_delay_ad":953.8666666666667,"noise_fa_ks":10.866666666666667,"noise_delay_ks":2745.1},"ens_all":{"sem_auc":0.6069406851851852,"noise_auc":0.6834400703703705,"sem_fa_ph":4.566666666666666,"sem_delay_ph":194.3,"sem_fa_ad":3.7,"sem_delay_ad":268.3333333333333,"sem_fa_ks":9.3,"sem_delay_ks":2768.4333333333334,"noise_fa_ph":4.6,"noise_delay_ph":74.06666666666666,"noise_fa_ad":4.033333333333333,"noise_delay_ad":1236.9,"noise_fa_ks":11.566666666666666,"noise_delay_ks":2691.733333333333}}