{"single_best":{"sem_auc":0.5633719777777777,"noise_auc":0.9749119222222222,"sem_fa_ph":2.566666666666667,"sem_delay_ph":623.8,"sem_fa_ad":0.7666666666666667,"sem_delay_ad":2385.6,"sem_fa_ks":2.2,"sem_delay_ks":2266.233333333333,"noise_fa_ph":3.533333333333333,"noise_delay_ph":3.3666666666666667,"noise_fa_ad":0.5,"noise_delay_ad":328.06666666666666,"noise_fa_ks":1.8,"noise_delay_ks":2689.9},"ens_best":{"sem_auc":0.5938839074074075,"noise_auc":0.9854872999999997,"sem_fa_ph":3.533333333333333,"sem_delay_ph":364.03333333333336,"sem_fa_ad":1.6666666666666667,"sem_delay_ad":1012.4,"sem_fa_ks":3.966666666666667,"sem_delay_ks":2386.366666666667,"noise_fa_ph":3.9,"noise_delay_ph":3.933333333333333,"noise_fa_ad":1.4333333333333333,"noise_delay_ad":113.66666666666667,"noise_fa_ks":3.8,"noise_delay_ks":2801.7},"ens_all":{"sem_auc":0.5581371370370369,"noise_auc":0.999039988888889,"sem_fa_ph":3.066666666666667,"sem_delay_ph":759.3,"sem_fa_ad":1.4333333333333333,"sem_delay_ad":1902.0333333333333,"sem_fa_ks":3.8666666666666667,"sem_delay_ks":2197.1,"noise_fa_ph":3.033333333333333,"noise_delay_ph":1.0333333333333334,"noise_fa_ad":0.9666666666666667,"noise_delay_ad":8.066666666666666,"noise_fa_ks":3.6666666666666665,"noise_delay_ks":2898.5666666666666}}