{"single_best":{"sem_auc":0.5543698703703703,"noise_auc":0.9999491925925927,"sem_fa_ph":4.433333333333334,"sem_delay_ph":485.2,"sem_fa_ad":2.8333333333333335,"sem_delay_ad":899.3333333333334,"sem_fa_ks":4.0,"sem_delay_ks":2550.1,"noise_fa_ph":4.133333333333334,"noise_delay_ph":5.766666666666667,"noise_fa_ad":2.3666666666666667,"noise_delay_ad":16.6,"noise_fa_ks":3.533333333333333,"noise_delay_ks":2892.866666666667},"ens_best":{"sem_auc":0.5804868425925925,"noise_auc":0.9999908074074074,"sem_fa_ph":5.166666666666667,"sem_delay_ph":919.9333333333333,"sem_fa_ad":1.9666666666666666,"sem_delay_ad":1105.2,"sem_fa_ks":2.7333333333333334,"sem_delay_ks":2543.9666666666667,"noise_fa_ph":4.633333333333334,"noise_delay_ph":54.7,"noise_fa_ad":1.4666666666666666,"noise_delay_ad":7.0,"noise_fa_ks":2.6333333333333333,"noise_delay_ks":2899.9},"ens_all":{"sem_auc":0.6000874222222221,"noise_auc":0.9999666259259261,"sem_fa_ph":4.6,"sem_delay_ph":1084.4666666666667,"sem_fa_ad":1.7333333333333334,"sem_delay_ad":1686.4333333333334,"sem_fa_ks":2.8666666666666667,"sem_delay_ks":2531.9666666666667,"noise_fa_ph":4.366666666666666,"noise_delay_ph":86.33333333333333,"noise_fa_ad":1.4,"noise_delay_ad":7.0,"noise_fa_ks":2.3666666666666667,"noise_delay_ks":2881.866666666667}}